{"meta": {"format": 3, "version": "7.14.3", "timestamp": "2026-06-29T13:32:55.918452", "branch_coverage": false, "show_contexts": false}, "files": {"reymen\\core\\vector_memory.py": {"executed_lines": [14, 16, 17, 18, 19, 20, 21, 23, 26, 27, 32, 40, 41, 42, 47, 48, 49, 54, 55, 56, 57, 58, 66, 75, 76, 77, 78, 81, 82, 84, 85, 86, 91, 92, 100, 101, 102, 104, 123, 140, 145, 149, 150, 159, 173, 181, 182, 185, 192, 193, 194, 195, 199, 205, 209, 237, 271, 285, 306, 315, 323, 343, 349, 350, 352, 353, 354, 355, 356, 368, 369, 374, 376, 400, 472, 485, 499, 506, 517, 520, 533, 559, 576], "summary": {"covered_lines": 83, "num_statements": 282, "percent_covered": 29.43262411347518, "percent_covered_display": "29.43", "missing_lines": 199, "excluded_lines": 28, "percent_statements_covered": 29.43262411347518, "percent_statements_covered_display": "29.43"}, "missing_lines": [33, 34, 35, 36, 37, 43, 44, 50, 51, 87, 88, 89, 93, 94, 95, 97, 98, 106, 107, 109, 110, 111, 115, 116, 117, 118, 121, 125, 126, 128, 129, 131, 132, 133, 134, 135, 136, 138, 142, 143, 147, 151, 200, 201, 202, 219, 220, 221, 224, 227, 228, 229, 231, 232, 235, 247, 248, 250, 252, 253, 254, 255, 264, 265, 268, 269, 273, 274, 276, 277, 278, 279, 280, 283, 296, 297, 300, 303, 304, 308, 309, 310, 311, 313, 316, 317, 318, 319, 321, 325, 372, 378, 379, 380, 382, 383, 388, 389, 393, 395, 396, 397, 398, 402, 403, 405, 407, 409, 412, 413, 414, 415, 417, 418, 419, 420, 421, 422, 423, 424, 425, 426, 427, 428, 429, 430, 431, 432, 438, 439, 441, 442, 445, 446, 447, 448, 456, 457, 458, 459, 460, 461, 467, 470, 473, 474, 475, 476, 477, 479, 480, 481, 482, 483, 486, 490, 491, 492, 493, 494, 495, 496, 497, 500, 501, 502, 503, 504, 507, 508, 509, 523, 524, 525, 540, 542, 549, 556, 561, 562, 563, 565, 566, 568, 569, 571, 572, 573, 578, 579, 580, 582, 583, 585, 586, 588, 589, 591, 595], "excluded_lines": [281, 312, 320, 373, 394, 468, 478, 510, 602, 603, 604, 606, 607, 610, 611, 612, 613, 616, 617, 618, 619, 622, 623, 624, 627, 628, 629, 631], "functions": {"EmbeddingMotor.__init__": {"executed_lines": [76, 77, 78, 81, 82, 84, 85, 86, 91, 92], "summary": {"covered_lines": 10, "num_statements": 18, "percent_covered": 55.55555555555556, "percent_covered_display": "55.56", "missing_lines": 8, "excluded_lines": 0, "percent_statements_covered": 55.55555555555556, "percent_statements_covered_display": "55.56"}, "missing_lines": [87, 88, 89, 93, 94, 95, 97, 98], "excluded_lines": [], "start_line": 75}, "EmbeddingMotor._env_oku": {"executed_lines": [101, 102], "summary": {"covered_lines": 2, "num_statements": 2, "percent_covered": 100.0, "percent_covered_display": "100.00", "missing_lines": 0, "excluded_lines": 0, "percent_statements_covered": 100.0, "percent_statements_covered_display": "100.00"}, "missing_lines": [], "excluded_lines": [], "start_line": 100}, "EmbeddingMotor.embed": {"executed_lines": [], "summary": {"covered_lines": 0, "num_statements": 10, "percent_covered": 0.0, "percent_covered_display": "0.00", "missing_lines": 10, "excluded_lines": 0, "percent_statements_covered": 0.0, "percent_statements_covered_display": "0.00"}, "missing_lines": [106, 107, 109, 110, 111, 115, 116, 117, 118, 121], "excluded_lines": [], "start_line": 104}, "EmbeddingMotor.embed_batch": {"executed_lines": [], "summary": {"covered_lines": 0, "num_statements": 11, "percent_covered": 0.0, "percent_covered_display": "0.00", "missing_lines": 11, "excluded_lines": 0, "percent_statements_covered": 0.0, "percent_statements_covered_display": "0.00"}, "missing_lines": [125, 126, 128, 129, 131, 132, 133, 134, 135, 136, 138], "excluded_lines": [], "start_line": 123}, "EmbeddingMotor._hash_embed": {"executed_lines": [], "summary": {"covered_lines": 0, "num_statements": 2, "percent_covered": 0.0, "percent_covered_display": "0.00", "missing_lines": 2, "excluded_lines": 0, "percent_statements_covered": 0.0, "percent_statements_covered_display": "0.00"}, "missing_lines": [142, 143], "excluded_lines": [], "start_line": 140}, "EmbeddingMotor.boyut": {"executed_lines": [], "summary": {"covered_lines": 0, "num_statements": 1, "percent_covered": 0.0, "percent_covered_display": "0.00", "missing_lines": 1, "excluded_lines": 0, "percent_statements_covered": 0.0, "percent_statements_covered_display": "0.00"}, "missing_lines": [147], "excluded_lines": [], "start_line": 145}, "EmbeddingMotor.hazir": {"executed_lines": [], "summary": {"covered_lines": 0, "num_statements": 1, "percent_covered": 0.0, "percent_covered_display": "0.00", "missing_lines": 1, "excluded_lines": 0, "percent_statements_covered": 0.0, "percent_statements_covered_display": "0.00"}, "missing_lines": [151], "excluded_lines": [], "start_line": 150}, "VectorMemory.__init__": {"executed_lines": [181, 182, 185, 192, 193, 194, 195, 199, 205], "summary": {"covered_lines": 9, "num_statements": 12, "percent_covered": 75.0, "percent_covered_display": "75.00", "missing_lines": 3, "excluded_lines": 0, "percent_statements_covered": 75.0, "percent_statements_covered_display": "75.00"}, "missing_lines": [200, 201, 202], "excluded_lines": [], "start_line": 173}, "VectorMemory.ekle": {"executed_lines": [], "summary": {"covered_lines": 0, "num_statements": 10, "percent_covered": 0.0, "percent_covered_display": "0.00", "missing_lines": 10, "excluded_lines": 0, "percent_statements_covered": 0.0, "percent_statements_covered_display": "0.00"}, "missing_lines": [219, 220, 221, 224, 227, 228, 229, 231, 232, 235], "excluded_lines": [], "start_line": 209}, "VectorMemory.ara": {"executed_lines": [], "summary": {"covered_lines": 0, "num_statements": 11, "percent_covered": 0.0, "percent_covered_display": "0.00", "missing_lines": 11, "excluded_lines": 0, "percent_statements_covered": 0.0, "percent_statements_covered_display": "0.00"}, "missing_lines": [247, 248, 250, 252, 253, 254, 255, 264, 265, 268, 269], "excluded_lines": [], "start_line": 237}, "VectorMemory.sil": {"executed_lines": [], "summary": {"covered_lines": 0, "num_statements": 8, "percent_covered": 0.0, "percent_covered_display": "0.00", "missing_lines": 8, "excluded_lines": 1, "percent_statements_covered": 0.0, "percent_statements_covered_display": "0.00"}, "missing_lines": [273, 274, 276, 277, 278, 279, 280, 283], "excluded_lines": [281], "start_line": 271}, "VectorMemory.guncelle": {"executed_lines": [], "summary": {"covered_lines": 0, "num_statements": 5, "percent_covered": 0.0, "percent_covered_display": "0.00", "missing_lines": 5, "excluded_lines": 0, "percent_statements_covered": 0.0, "percent_statements_covered_display": "0.00"}, "missing_lines": [296, 297, 300, 303, 304], "excluded_lines": [], "start_line": 285}, "VectorMemory.listele": {"executed_lines": [], "summary": {"covered_lines": 0, "num_statements": 5, "percent_covered": 0.0, "percent_covered_display": "0.00", "missing_lines": 5, "excluded_lines": 1, "percent_statements_covered": 0.0, "percent_statements_covered_display": "0.00"}, "missing_lines": [308, 309, 310, 311, 313], "excluded_lines": [312], "start_line": 306}, "VectorMemory.__len__": {"executed_lines": [], "summary": {"covered_lines": 0, "num_statements": 5, "percent_covered": 0.0, "percent_covered_display": "0.00", "missing_lines": 5, "excluded_lines": 1, "percent_statements_covered": 0.0, "percent_statements_covered_display": "0.00"}, "missing_lines": [316, 317, 318, 319, 321], "excluded_lines": [320], "start_line": 315}, "VectorMemory.bilgi": {"executed_lines": [], "summary": {"covered_lines": 0, "num_statements": 1, "percent_covered": 0.0, "percent_covered_display": "0.00", "missing_lines": 1, "excluded_lines": 0, "percent_statements_covered": 0.0, "percent_statements_covered_display": "0.00"}, "missing_lines": [325], "excluded_lines": [], "start_line": 323}, "_SQLiteVectorMemory.__init__": {"executed_lines": [350, 352, 353, 354, 355, 356, 368, 369, 374], "summary": {"covered_lines": 9, "num_statements": 10, "percent_covered": 90.0, "percent_covered_display": "90.00", "missing_lines": 1, "excluded_lines": 1,